[
    [
        {
            "type": "header",
            "bbox": [
                0.823,
                0.146,
                0.864,
                0.203
            ],
            "angle": 0,
            "content": "#"
        },
        {
            "type": "header",
            "bbox": [
                0.869,
                0.151,
                0.962,
                0.183
            ],
            "angle": 0,
            "content": "东方证券"
        },
        {
            "type": "header",
            "bbox": [
                0.87,
                0.185,
                0.961,
                0.198
            ],
            "angle": 0,
            "content": "ORIENT SECURITIES"
        },
        {
            "type": "title",
            "bbox": [
                0.037,
                0.262,
                0.852,
                0.367
            ],
            "angle": 0,
            "content": "大语言模型在投研投顾中的"
        },
        {
            "type": "title",
            "bbox": [
                0.037,
                0.368,
                0.377,
                0.47
            ],
            "angle": 0,
            "content": "应用与难点"
        },
        {
            "type": "text",
            "bbox": [
                0.034,
                0.519,
                0.36,
                0.583
            ],
            "angle": 0,
            "content": "张庆 /算法工程师"
        },
        {
            "type": "text",
            "bbox": [
                0.037,
                0.81,
                0.376,
                0.856
            ],
            "angle": 0,
            "content": "DataFunSummit # 2024"
        },
        {
            "type": "footer",
            "bbox": [
                0.868,
                0.819,
                0.971,
                0.857
            ],
            "angle": 0,
            "content": ":DataFun."
        }
    ],
    [
        {
            "type": "header",
            "bbox": [
                0.823,
                0.146,
                0.864,
                0.203
            ],
            "angle": 0,
            "content": "#"
        },
        {
            "type": "header",
            "bbox": [
                0.869,
                0.15,
                0.962,
                0.183
            ],
            "angle": 0,
            "content": "东方证券"
        },
        {
            "type": "header",
            "bbox": [
                0.87,
                0.185,
                0.962,
                0.199
            ],
            "angle": 0,
            "content": "ORIENT SECURITIES"
        },
        {
            "type": "text",
            "bbox": [
                0.106,
                0.295,
                0.277,
                0.351
            ],
            "angle": 0,
            "content": "D 背景介绍"
        },
        {
            "type": "text",
            "bbox": [
                0.107,
                0.41,
                0.277,
                0.464
            ],
            "angle": 0,
            "content": "D 建设情况"
        },
        {
            "type": "text",
            "bbox": [
                0.107,
                0.524,
                0.277,
                0.578
            ],
            "angle": 0,
            "content": "D 应用难点"
        },
        {
            "type": "text",
            "bbox": [
                0.107,
                0.64,
                0.277,
                0.692
            ],
            "angle": 0,
            "content": "D 未来展望"
        },
        {
            "type": "list",
            "bbox": [
                0.106,
                0.295,
                0.277,
                0.692
            ],
            "angle": 0,
            "content": null
        },
        {
            "type": "footer",
            "bbox": [
                0.868,
                0.819,
                0.97,
                0.857
            ],
            "angle": 0,
            "content": ":DataFun."
        }
    ],
    [
        {
            "type": "header",
            "bbox": [
                0.823,
                0.146,
                0.864,
                0.202
            ],
            "angle": 0,
            "content": "#"
        },
        {
            "type": "header",
            "bbox": [
                0.87,
                0.151,
                0.962,
                0.183
            ],
            "angle": 0,
            "content": "东方证券"
        },
        {
            "type": "header",
            "bbox": [
                0.87,
                0.185,
                0.961,
                0.198
            ],
            "angle": 0,
            "content": "ORIENT SECURITIES"
        },
        {
            "type": "title",
            "bbox": [
                0.123,
                0.257,
                0.21,
                0.352
            ],
            "angle": 0,
            "content": "01"
        },
        {
            "type": "title",
            "bbox": [
                0.122,
                0.407,
                0.321,
                0.48
            ],
            "angle": 0,
            "content": "背景介绍"
        },
        {
            "type": "footer",
            "bbox": [
                0.868,
                0.819,
                0.97,
                0.857
            ],
            "angle": 0,
            "content": ":DataFun."
        }
    ],
    [
        {
            "type": "title",
            "bbox": [
                0.068,
                0.154,
                0.467,
                0.237
            ],
            "angle": 0,
            "content": "大语言模型现状"
        },
        {
            "type": "header",
            "bbox": [
                0.823,
                0.146,
                0.864,
                0.202
            ],
            "angle": 0,
            "content": "#"
        },
        {
            "type": "header",
            "bbox": [
                0.869,
                0.151,
                0.962,
                0.183
            ],
            "angle": 0,
            "content": "东方证券"
        },
        {
            "type": "header",
            "bbox": [
                0.87,
                0.185,
                0.961,
                0.198
            ],
            "angle": 0,
            "content": "ORIENT SECURITIES"
        },
        {
            "type": "text",
            "bbox": [
                0.063,
                0.277,
                0.896,
                0.357
            ],
            "angle": 0,
            "content": "国内外厂商大语言模型百花齐放。大语言模型犹如万事通一般，已然成为我们日常工作中不可或缺的智能助手。"
        },
        {
            "type": "image",
            "bbox": [
                0.053,
                0.357,
                0.478,
                0.692
            ],
            "angle": 0,
            "content": null
        },
        {
            "type": "image",
            "bbox": [
                0.053,
                0.723,
                0.932,
                0.803
            ],
            "angle": 0,
            "content": null
        },
        {
            "type": "footer",
            "bbox": [
                0.868,
                0.819,
                0.97,
                0.856
            ],
            "angle": 0,
            "content": "DataFun."
        }
    ],
    [
        {
            "type": "title",
            "bbox": [
                0.068,
                0.156,
                0.184,
                0.236
            ],
            "angle": 0,
            "content": "投顾"
        },
        {
            "type": "header",
            "bbox": [
                0.823,
                0.146,
                0.963,
                0.202
            ],
            "angle": 0,
            "content": "东方证券ORIENT SECURITIES "
        },
        {
            "type": "text",
            "bbox": [
                0.064,
                0.28,
                0.915,
                0.36
            ],
            "angle": 0,
            "content": "智能投顾的运营流程包括客户画像、投资组合配置推荐、交易执行、投资组合再平衡和投资组合分析等步骤，主要是投资和顾问两方面。"
        },
        {
            "type": "text",
            "bbox": [
                0.063,
                0.436,
                0.902,
                0.542
            ],
            "angle": 0,
            "content": "在智能投顾中“投”（即投资）的方面，通过人工智能和机器学习技术，可以提高市场分析的准确性和投资决策的效率。"
        },
        {
            "type": "text",
            "bbox": [
                0.064,
                0.616,
                0.902,
                0.723
            ],
            "angle": 0,
            "content": "在智能投顾中“顾”（即顾问）的部分，即个性化服务和客户互动，如个性化咨询服务，提升用户的参与感和满意度。"
        },
        {
            "type": "footer",
            "bbox": [
                0.868,
                0.819,
                0.97,
                0.857
            ],
            "angle": 0,
            "content": ":DataFun."
        }
    ],
    [
        {
            "type": "title",
            "bbox": [
                0.068,
                0.156,
                0.184,
                0.236
            ],
            "angle": 0,
            "content": "投研"
        },
        {
            "type": "header",
            "bbox": [
                0.823,
                0.146,
                0.963,
                0.202
            ],
            "angle": 0,
            "content": "东方证券ORIENT SECURITIES "
        },
        {
            "type": "text",
            "bbox": [
                0.064,
                0.28,
                0.915,
                0.414
            ],
            "angle": 0,
            "content": "投研，全称为投资研究，是指对投资项目进行深入研究和分析的过程，投研工作主要包括对投资项目的基本面、技术面、市场环境等多方面进行全面评估，为投资决策提供依据，投研工作通常在证券公司、基金公司、投资银行等金融机构的投资部门进行。"
        },
        {
            "type": "text",
            "bbox": [
                0.075,
                0.487,
                0.845,
                0.529
            ],
            "angle": 0,
            "content": "信息收集：从各种渠道收集与投资相关的信息，包括宏观经济数据、行业报告、公司公告等。"
        },
        {
            "type": "text",
            "bbox": [
                0.075,
                0.551,
                0.678,
                0.592
            ],
            "angle": 0,
            "content": "信息筛选：对收集到的信息进行筛选，挑选出对投资决策有价值的信息。"
        },
        {
            "type": "text",
            "bbox": [
                0.075,
                0.617,
                0.845,
                0.659
            ],
            "angle": 0,
            "content": "信息分析：对筛选出的信息进行深入分析，包括基本面分析、技术面分析和市场环境分析等。"
        },
        {
            "type": "text",
            "bbox": [
                0.075,
                0.68,
                0.713,
                0.72
            ],
            "angle": 0,
            "content": "投资建议：根据分析结果，为投资决策提供建议，包括买入、卖出或持有等。"
        },
        {
            "type": "text",
            "bbox": [
                0.075,
                0.744,
                0.713,
                0.78
            ],
            "angle": 0,
            "content": "跟踪调整：对已投资的项目进行持续跟踪，根据市场变化及时调整投资策略。"
        },
        {
            "type": "footer",
            "bbox": [
                0.868,
                0.819,
                0.971,
                0.859
            ],
            "angle": 0,
            "content": ":DataFun."
        }
    ],
    [
        {
            "type": "title",
            "bbox": [
                0.068,
                0.154,
                0.521,
                0.239
            ],
            "angle": 0,
            "content": "投研投顾应用案例"
        },
        {
            "type": "header",
            "bbox": [
                0.823,
                0.146,
                0.963,
                0.202
            ],
            "angle": 0,
            "content": "东方证券ORIENT SECURITIES "
        },
        {
            "type": "text",
            "bbox": [
                0.052,
                0.309,
                0.896,
                0.393
            ],
            "angle": 0,
            "content": "自2008年至2017年市场上的研报由4.4万份攀升至25.8万份,其中2014年至2017年此4年研报数量均超过20万份,涨幅达4.9倍。"
        },
        {
            "type": "title",
            "bbox": [
                0.273,
                0.447,
                0.651,
                0.505
            ],
            "angle": 0,
            "content": "每日研报数量约为700多份"
        },
        {
            "type": "text",
            "bbox": [
                0.063,
                0.578,
                0.9,
                0.758
            ],
            "angle": 0,
            "content": "“摩根士丹利财富管理部门（MSWM）正应用GPT4以调动其面向客户的知识库，其内部维护着一个包含数十万页涵盖投资策略、市场研究和评论以及分析师见解的知识库。GPT模型将驱动一个面向内部的聊天机器人，帮助投资顾问实现对财富管理内容的全面搜索，从而高效地解锁MSWM积累的丰富知识。”"
        },
        {
            "type": "footer",
            "bbox": [
                0.054,
                0.816,
                0.464,
                0.847
            ],
            "angle": 0,
            "content": "Ref: https://www.sohu.com/a/232667865_114986"
        },
        {
            "type": "footer",
            "bbox": [
                0.868,
                0.819,
                0.97,
                0.859
            ],
            "angle": 0,
            "content": ":DataFun."
        }
    ],
    [
        {
            "type": "title",
            "bbox": [
                0.068,
                0.154,
                0.521,
                0.236
            ],
            "angle": 0,
            "content": "投研投顾应用案例"
        },
        {
            "type": "header",
            "bbox": [
                0.823,
                0.146,
                0.864,
                0.202
            ],
            "angle": 0,
            "content": "#"
        },
        {
            "type": "header",
            "bbox": [
                0.869,
                0.151,
                0.962,
                0.183
            ],
            "angle": 0,
            "content": "东方证券"
        },
        {
            "type": "header",
            "bbox": [
                0.87,
                0.185,
                0.962,
                0.199
            ],
            "angle": 0,
            "content": "ORIENT SECURITIES"
        },
        {
            "type": "text",
            "bbox": [
                0.052,
                0.279,
                0.896,
                0.36
            ],
            "angle": 0,
            "content": "自2008年至2017年市场上的研报由4.4万份攀升至25.8万份,其中2014年至2017年此4年研报数量均超过20万份,涨幅达4.9倍。"
        },
        {
            "type": "image",
            "bbox": [
                0.3,
                0.428,
                0.382,
                0.542
            ],
            "angle": 0,
            "content": null
        },
        {
            "type": "text",
            "bbox": [
                0.464,
                0.467,
                0.487,
                0.498
            ],
            "angle": 0,
            "content": "+"
        },
        {
            "type": "image",
            "bbox": [
                0.59,
                0.416,
                0.678,
                0.554
            ],
            "angle": 0,
            "content": null
        },
        {
            "type": "text",
            "bbox": [
                0.063,
                0.618,
                0.9,
                0.797
            ],
            "angle": 0,
            "content": "“摩根士丹利财富管理部门（MSWM）正应用GPT4以调动其面向客户的知识库，其内部维护着一个包含数十万页涵盖投资策略、市场研究和评论以及分析师见解的知识库。GPT模型将驱动一个面向内部的聊天机器人，帮助投资顾问实现对财富管理内容的全面搜索，从而高效地解锁MSWM积累的丰富知识。”"
        },
        {
            "type": "footer",
            "bbox": [
                0.054,
                0.816,
                0.464,
                0.844
            ],
            "angle": 0,
            "content": "Ref: https://www.sohu.com/a/232667865_114986"
        },
        {
            "type": "footer",
            "bbox": [
                0.868,
                0.819,
                0.97,
                0.856
            ],
            "angle": 0,
            "content": "DataFun."
        }
    ],
    [
        {
            "type": "header",
            "bbox": [
                0.823,
                0.146,
                0.962,
                0.202
            ],
            "angle": 0,
            "content": "东方证券ORIENT SECURITIES "
        },
        {
            "type": "title",
            "bbox": [
                0.123,
                0.257,
                0.225,
                0.352
            ],
            "angle": 0,
            "content": "02"
        },
        {
            "type": "title",
            "bbox": [
                0.12,
                0.407,
                0.324,
                0.48
            ],
            "angle": 0,
            "content": "建设情况"
        },
        {
            "type": "footer",
            "bbox": [
                0.868,
                0.819,
                0.97,
                0.857
            ],
            "angle": 0,
            "content": ":DataFun."
        }
    ],
    [
        {
            "type": "title",
            "bbox": [
                0.07,
                0.158,
                0.301,
                0.239
            ],
            "angle": 0,
            "content": "RAG项目"
        },
        {
            "type": "header",
            "bbox": [
                0.823,
                0.146,
                0.864,
                0.202
            ],
            "angle": 0,
            "content": "#"
        },
        {
            "type": "header",
            "bbox": [
                0.869,
                0.151,
                0.962,
                0.183
            ],
            "angle": 0,
            "content": "东方证券"
        },
        {
            "type": "header",
            "bbox": [
                0.87,
                0.185,
                0.961,
                0.198
            ],
            "angle": 0,
            "content": "ORIENT SECURITIES"
        },
        {
            "type": "text",
            "bbox": [
                0.095,
                0.338,
                0.277,
                0.396
            ],
            "angle": 0,
            "content": "fastRAG"
        },
        {
            "type": "image",
            "bbox": [
                0.654,
                0.324,
                0.713,
                0.407
            ],
            "angle": 0,
            "content": null
        },
        {
            "type": "text",
            "bbox": [
                0.723,
                0.349,
                0.785,
                0.38
            ],
            "angle": 0,
            "content": "Verba"
        },
        {
            "type": "image",
            "bbox": [
                0.201,
                0.577,
                0.256,
                0.674
            ],
            "angle": 0,
            "content": null
        },
        {
            "type": "text",
            "bbox": [
                0.182,
                0.732,
                0.275,
                0.767
            ],
            "angle": 0,
            "content": "FastGPT"
        },
        {
            "type": "text",
            "bbox": [
                0.367,
                0.503,
                0.654,
                0.588
            ],
            "angle": 0,
            "content": "Anything"
        },
        {
            "type": "image",
            "bbox": [
                0.66,
                0.632,
                0.719,
                0.713
            ],
            "angle": 0,
            "content": null
        },
        {
            "type": "text",
            "bbox": [
                0.734,
                0.654,
                0.868,
                0.694
            ],
            "angle": 0,
            "content": "RAGFlow"
        },
        {
            "type": "footer",
            "bbox": [
                0.868,
                0.819,
                0.97,
                0.857
            ],
            "angle": 0,
            "content": ":DataFun."
        }
    ],
    [
        {
            "type": "header",
            "bbox": [
                0.823,
                0.146,
                0.864,
                0.181
            ],
            "angle": 0,
            "content": "#"
        },
        {
            "type": "header",
            "bbox": [
                0.87,
                0.152,
                0.962,
                0.183
            ],
            "angle": 0,
            "content": "东方证券"
        },
        {
            "type": "header",
            "bbox": [
                0.901,
                0.185,
                0.961,
                0.198
            ],
            "angle": 0,
            "content": "T SECURITIES"
        },
        {
            "type": "image",
            "bbox": [
                0.095,
                0.178,
                0.901,
                0.819
            ],
            "angle": 0,
            "content": null
        },
        {
            "type": "footer",
            "bbox": [
                0.868,
                0.82,
                0.97,
                0.857
            ],
            "angle": 0,
            "content": ":DataFun."
        }
    ],
    [
        {
            "type": "header",
            "bbox": [
                0.823,
                0.146,
                0.863,
                0.202
            ],
            "angle": 0,
            "content": "#"
        },
        {
            "type": "header",
            "bbox": [
                0.87,
                0.152,
                0.962,
                0.183
            ],
            "angle": 0,
            "content": "东方证券"
        },
        {
            "type": "header",
            "bbox": [
                0.871,
                0.185,
                0.961,
                0.198
            ],
            "angle": 0,
            "content": "ORIENT SECURITIES"
        },
        {
            "type": "title",
            "bbox": [
                0.078,
                0.334,
                0.199,
                0.384
            ],
            "angle": 0,
            "content": "法律法规快速确认合规合法"
        },
        {
            "type": "title",
            "bbox": [
                0.202,
                0.168,
                0.354,
                0.23
            ],
            "angle": 0,
            "content": "OA办公辅助提高日常工作效率"
        },
        {
            "type": "image",
            "bbox": [
                0.235,
                0.279,
                0.324,
                0.318
            ],
            "angle": 0,
            "content": null
        },
        {
            "type": "title",
            "bbox": [
                0.235,
                0.372,
                0.368,
                0.435
            ],
            "angle": 0,
            "content": "私募尽调制度与材料整合"
        },
        {
            "type": "image",
            "bbox": [
                0.078,
                0.488,
                0.383,
                0.734
            ],
            "angle": 0,
            "content": null
        },
        {
            "type": "title",
            "bbox": [
                0.16,
                0.752,
                0.334,
                0.814
            ],
            "angle": 0,
            "content": "券商研报问答了解标的与行业"
        },
        {
            "type": "image",
            "bbox": [
                0.358,
                0.153,
                0.659,
                0.36
            ],
            "angle": 0,
            "content": null
        },
        {
            "type": "image",
            "bbox": [
                0.448,
                0.398,
                0.554,
                0.593
            ],
            "angle": 0,
            "content": null
        },
        {
            "type": "title",
            "bbox": [
                0.429,
                0.632,
                0.583,
                0.694
            ],
            "angle": 0,
            "content": "固收信评咨询企业信用状况"
        },
        {
            "type": "image",
            "bbox": [
                0.391,
                0.708,
                0.501,
                0.755
            ],
            "angle": 0,
            "content": null
        },
        {
            "type": "title",
            "bbox": [
                0.522,
                0.777,
                0.598,
                0.827
            ],
            "angle": 0,
            "content": "内部纪要整合与分享"
        },
        {
            "type": "title",
            "bbox": [
                0.75,
                0.252,
                0.874,
                0.281
            ],
            "angle": 0,
            "content": "风火轮资讯"
        },
        {
            "type": "title",
            "bbox": [
                0.75,
                0.284,
                0.902,
                0.314
            ],
            "angle": 0,
            "content": "了解热点企业事件"
        },
        {
            "type": "title",
            "bbox": [
                0.792,
                0.41,
                0.882,
                0.459
            ],
            "angle": 0,
            "content": "两融政策快速了解政策"
        },
        {
            "type": "image",
            "bbox": [
                0.687,
                0.335,
                0.758,
                0.388
            ],
            "angle": 0,
            "content": null
        },
        {
            "type": "title",
            "bbox": [
                0.687,
                0.509,
                0.84,
                0.572
            ],
            "angle": 0,
            "content": "期货研报辅助客户了解期货"
        },
        {
            "type": "image",
            "bbox": [
                0.603,
                0.575,
                0.887,
                0.801
            ],
            "angle": 0,
            "content": null
        },
        {
            "type": "image",
            "bbox": [
                0.895,
                0.484,
                0.969,
                0.514
            ],
            "angle": 0,
            "content": null
        },
        {
            "type": "image",
            "bbox": [
                0.887,
                0.687,
                0.967,
                0.726
            ],
            "angle": 0,
            "content": null
        },
        {
            "type": "footer",
            "bbox": [
                0.868,
                0.819,
                0.97,
                0.854
            ],
            "angle": 0,
            "content": "DataFun."
        }
    ],
    [
        {
            "type": "header",
            "bbox": [
                0.823,
                0.146,
                0.864,
                0.203
            ],
            "angle": 0,
            "content": "#"
        },
        {
            "type": "header",
            "bbox": [
                0.869,
                0.151,
                0.962,
                0.183
            ],
            "angle": 0,
            "content": "东方证券"
        },
        {
            "type": "header",
            "bbox": [
                0.87,
                0.185,
                0.961,
                0.198
            ],
            "angle": 0,
            "content": "ORIENT SECURITIES"
        },
        {
            "type": "image",
            "bbox": [
                0.0,
                0.283,
                0.607,
                0.819
            ],
            "angle": 0,
            "content": null
        },
        {
            "type": "text",
            "bbox": [
                0.62,
                0.298,
                0.837,
                0.35
            ],
            "angle": 0,
            "content": "研报撰写辅助"
        },
        {
            "type": "text",
            "bbox": [
                0.62,
                0.472,
                0.78,
                0.528
            ],
            "angle": 0,
            "content": "文档审核"
        },
        {
            "type": "text",
            "bbox": [
                0.62,
                0.648,
                0.837,
                0.704
            ],
            "angle": 0,
            "content": "9 风控舆情日报"
        },
        {
            "type": "list",
            "bbox": [
                0.62,
                0.298,
                0.837,
                0.704
            ],
            "angle": 0,
            "content": null
        },
        {
            "type": "footer",
            "bbox": [
                0.868,
                0.819,
                0.97,
                0.857
            ],
            "angle": 0,
            "content": ":DataFun."
        }
    ],
    [
        {
            "type": "header",
            "bbox": [
                0.823,
                0.146,
                0.864,
                0.202
            ],
            "angle": 0,
            "content": "#"
        },
        {
            "type": "header",
            "bbox": [
                0.87,
                0.151,
                0.962,
                0.183
            ],
            "angle": 0,
            "content": "东方证券"
        },
        {
            "type": "header",
            "bbox": [
                0.87,
                0.185,
                0.961,
                0.198
            ],
            "angle": 0,
            "content": "ORIENT SECURITIES"
        },
        {
            "type": "title",
            "bbox": [
                0.123,
                0.256,
                0.225,
                0.352
            ],
            "angle": 0,
            "content": "03"
        },
        {
            "type": "title",
            "bbox": [
                0.122,
                0.406,
                0.323,
                0.48
            ],
            "angle": 0,
            "content": "应用难点"
        },
        {
            "type": "footer",
            "bbox": [
                0.868,
                0.819,
                0.97,
                0.857
            ],
            "angle": 0,
            "content": ":DataFun."
        }
    ],
    [
        {
            "type": "title",
            "bbox": [
                0.07,
                0.154,
                0.464,
                0.236
            ],
            "angle": 0,
            "content": "大语言模型缺点"
        },
        {
            "type": "header",
            "bbox": [
                0.823,
                0.146,
                0.864,
                0.202
            ],
            "angle": 0,
            "content": "#"
        },
        {
            "type": "header",
            "bbox": [
                0.87,
                0.152,
                0.962,
                0.183
            ],
            "angle": 0,
            "content": "东方证券"
        },
        {
            "type": "header",
            "bbox": [
                0.87,
                0.185,
                0.961,
                0.198
            ],
            "angle": 0,
            "content": "ORIENT SECURITIES"
        },
        {
            "type": "image",
            "bbox": [
                0.061,
                0.336,
                0.247,
                0.741
            ],
            "angle": 0,
            "content": null
        },
        {
            "type": "image_caption",
            "bbox": [
                0.069,
                0.755,
                0.239,
                0.79
            ],
            "angle": 0,
            "content": "幻觉(Hallucination)"
        },
        {
            "type": "title",
            "bbox": [
                0.375,
                0.315,
                0.475,
                0.335
            ],
            "angle": 0,
            "content": "女生多少岁结婚合适"
        },
        {
            "type": "image",
            "bbox": [
                0.293,
                0.342,
                0.556,
                0.741
            ],
            "angle": 0,
            "content": null
        },
        {
            "type": "image_caption",
            "bbox": [
                0.366,
                0.755,
                0.482,
                0.786
            ],
            "angle": 0,
            "content": "输出有害内容"
        },
        {
            "type": "image",
            "bbox": [
                0.619,
                0.282,
                0.637,
                0.305
            ],
            "angle": 0,
            "content": null
        },
        {
            "type": "title",
            "bbox": [
                0.642,
                0.284,
                0.737,
                0.298
            ],
            "angle": 0,
            "content": "请告诉我今天的新闻热点事件"
        },
        {
            "type": "image",
            "bbox": [
                0.614,
                0.326,
                0.892,
                0.414
            ],
            "angle": 0,
            "content": null
        },
        {
            "type": "title",
            "bbox": [
                0.706,
                0.428,
                0.804,
                0.459
            ],
            "angle": 0,
            "content": "数据时效性"
        },
        {
            "type": "image",
            "bbox": [
                0.607,
                0.476,
                0.892,
                0.737
            ],
            "angle": 0,
            "content": null
        },
        {
            "type": "image_caption",
            "bbox": [
                0.659,
                0.755,
                0.85,
                0.786
            ],
            "angle": 0,
            "content": "缺乏控制、逻辑推理弱"
        },
        {
            "type": "footer",
            "bbox": [
                0.868,
                0.819,
                0.97,
                0.854
            ],
            "angle": 0,
            "content": "DataFun."
        }
    ],
    [
        {
            "type": "title",
            "bbox": [
                0.068,
                0.154,
                0.467,
                0.237
            ],
            "angle": 0,
            "content": "大语言模型缺点"
        },
        {
            "type": "header",
            "bbox": [
                0.823,
                0.146,
                0.864,
                0.202
            ],
            "angle": 0,
            "content": "#"
        },
        {
            "type": "header",
            "bbox": [
                0.869,
                0.151,
                0.962,
                0.183
            ],
            "angle": 0,
            "content": "东方证券"
        },
        {
            "type": "header",
            "bbox": [
                0.87,
                0.185,
                0.961,
                0.198
            ],
            "angle": 0,
            "content": "ORIENT SECURITIES"
        },
        {
            "type": "image",
            "bbox": [
                0.182,
                0.253,
                0.825,
                0.81
            ],
            "angle": 0,
            "content": null
        },
        {
            "type": "footer",
            "bbox": [
                0.868,
                0.819,
                0.97,
                0.856
            ],
            "angle": 0,
            "content": "DataFun."
        }
    ],
    [
        {
            "type": "title",
            "bbox": [
                0.068,
                0.154,
                0.551,
                0.237
            ],
            "angle": 0,
            "content": "应用难点-检索增强"
        },
        {
            "type": "header",
            "bbox": [
                0.823,
                0.146,
                0.864,
                0.202
            ],
            "angle": 0,
            "content": "#"
        },
        {
            "type": "header",
            "bbox": [
                0.869,
                0.15,
                0.962,
                0.183
            ],
            "angle": 0,
            "content": "东方证券"
        },
        {
            "type": "header",
            "bbox": [
                0.87,
                0.185,
                0.962,
                0.199
            ],
            "angle": 0,
            "content": "ORIENT SECURITIES"
        },
        {
            "type": "title",
            "bbox": [
                0.149,
                0.275,
                0.253,
                0.317
            ],
            "angle": 0,
            "content": "检索结果"
        },
        {
            "type": "text",
            "bbox": [
                0.139,
                0.338,
                0.408,
                0.372
            ],
            "angle": 0,
            "content": "贵州茅台向“新商务”要增长点"
        },
        {
            "type": "text",
            "bbox": [
                0.14,
                0.374,
                0.316,
                0.401
            ],
            "angle": 0,
            "content": "北京商报 2024-07-28"
        },
        {
            "type": "text",
            "bbox": [
                0.138,
                0.411,
                0.862,
                0.552
            ],
            "angle": 0,
            "content": "在近日推出多项新政后，飞天茅台终端市场成交价格逐渐趋稳。7月28日，北京商报记者走访北京部分终端市场发现，目前53度500ml飞天茅台终端成交价约2600—2800元/瓶。据今日酒价数据，7月28日飞天茅台散瓶批价约为2375元/瓶。"
        },
        {
            "type": "title",
            "bbox": [
                0.149,
                0.626,
                0.254,
                0.667
            ],
            "angle": 0,
            "content": "用户问题"
        },
        {
            "type": "text",
            "bbox": [
                0.15,
                0.687,
                0.625,
                0.725
            ],
            "angle": 0,
            "content": "参考以上材料回答“飞天茅台终端成交价是多少？”"
        },
        {
            "type": "footer",
            "bbox": [
                0.868,
                0.819,
                0.97,
                0.856
            ],
            "angle": 0,
            "content": "DataFun."
        }
    ],
    [
        {
            "type": "title",
            "bbox": [
                0.07,
                0.152,
                0.777,
                0.239
            ],
            "angle": 0,
            "content": "应用难点-检索增强在线服务"
        },
        {
            "type": "header",
            "bbox": [
                0.825,
                0.146,
                0.844,
                0.176
            ],
            "angle": 0,
            "content": "#"
        },
        {
            "type": "header",
            "bbox": [
                0.847,
                0.149,
                0.895,
                0.169
            ],
            "angle": 0,
            "content": "东方证券"
        },
        {
            "type": "header",
            "bbox": [
                0.847,
                0.169,
                0.895,
                0.175
            ],
            "angle": 0,
            "content": "ORIENT SECURITIES"
        },
        {
            "type": "text",
            "bbox": [
                0.077,
                0.3,
                0.166,
                0.328
            ],
            "angle": 0,
            "content": "Google搜索"
        },
        {
            "type": "text",
            "bbox": [
                0.197,
                0.305,
                0.308,
                0.324
            ],
            "angle": 0,
            "content": "Google搜索的工作方式"
        },
        {
            "type": "text",
            "bbox": [
                0.33,
                0.305,
                0.382,
                0.323
            ],
            "angle": 0,
            "content": "我们的使命"
        },
        {
            "type": "text",
            "bbox": [
                0.198,
                0.358,
                0.221,
                0.377
            ],
            "angle": 0,
            "content": "概览"
        },
        {
            "type": "text",
            "bbox": [
                0.243,
                0.358,
                0.316,
                0.376
            ],
            "angle": 0,
            "content": "抓取和编入索引"
        },
        {
            "type": "text",
            "bbox": [
                0.339,
                0.358,
                0.382,
                0.376
            ],
            "angle": 0,
            "content": "搜索算法"
        },
        {
            "type": "text",
            "bbox": [
                0.404,
                0.358,
                0.448,
                0.376
            ],
            "angle": 0,
            "content": "实用回复"
        },
        {
            "type": "title",
            "bbox": [
                0.228,
                0.461,
                0.3,
                0.491
            ],
            "angle": 0,
            "content": "索引生成"
        },
        {
            "type": "text",
            "bbox": [
                0.108,
                0.562,
                0.178,
                0.593
            ],
            "angle": 0,
            "content": "倒排索引"
        },
        {
            "type": "text",
            "bbox": [
                0.232,
                0.563,
                0.303,
                0.593
            ],
            "angle": 0,
            "content": "正向索引"
        },
        {
            "type": "text",
            "bbox": [
                0.356,
                0.563,
                0.426,
                0.593
            ],
            "angle": 0,
            "content": "向量索引"
        },
        {
            "type": "image",
            "bbox": [
                0.254,
                0.713,
                0.292,
                0.77
            ],
            "angle": 0,
            "content": null
        },
        {
            "type": "text",
            "bbox": [
                0.207,
                0.776,
                0.341,
                0.806
            ],
            "angle": 0,
            "content": "elasticsearch"
        },
        {
            "type": "text",
            "bbox": [
                0.543,
                0.337,
                0.614,
                0.366
            ],
            "angle": 0,
            "content": "应用服务"
        },
        {
            "type": "text",
            "bbox": [
                0.689,
                0.337,
                0.761,
                0.366
            ],
            "angle": 0,
            "content": "问句改写"
        },
        {
            "type": "text",
            "bbox": [
                0.819,
                0.337,
                0.89,
                0.366
            ],
            "angle": 0,
            "content": "问句理解"
        },
        {
            "type": "text",
            "bbox": [
                0.69,
                0.461,
                0.761,
                0.491
            ],
            "angle": 0,
            "content": "索引服务"
        },
        {
            "type": "text",
            "bbox": [
                0.556,
                0.534,
                0.644,
                0.593
            ],
            "angle": 0,
            "content": "候选项选择 (召回)"
        },
        {
            "type": "text",
            "bbox": [
                0.706,
                0.549,
                0.744,
                0.578
            ],
            "angle": 0,
            "content": "排序"
        },
        {
            "type": "text",
            "bbox": [
                0.832,
                0.549,
                0.869,
                0.578
            ],
            "angle": 0,
            "content": "聚合"
        },
        {
            "type": "image",
            "bbox": [
                0.569,
                0.726,
                0.627,
                0.803
            ],
            "angle": 0,
            "content": null
        },
        {
            "type": "text",
            "bbox": [
                0.627,
                0.728,
                0.884,
                0.81
            ],
            "angle": 0,
            "content": "RocketQA"
        },
        {
            "type": "footer",
            "bbox": [
                0.868,
                0.822,
                0.97,
                0.857
            ],
            "angle": 0,
            "content": "DataFun."
        }
    ],
    [
        {
            "type": "title",
            "bbox": [
                0.068,
                0.152,
                0.777,
                0.239
            ],
            "angle": 0,
            "content": "应用难点-检索增强在线服务"
        },
        {
            "type": "header",
            "bbox": [
                0.823,
                0.146,
                0.864,
                0.202
            ],
            "angle": 0,
            "content": "#"
        },
        {
            "type": "header",
            "bbox": [
                0.869,
                0.151,
                0.962,
                0.183
            ],
            "angle": 0,
            "content": "东方证券"
        },
        {
            "type": "header",
            "bbox": [
                0.87,
                0.185,
                0.961,
                0.198
            ],
            "angle": 0,
            "content": "ORIENT SECURITIES"
        },
        {
            "type": "image",
            "bbox": [
                0.027,
                0.28,
                0.977,
                0.713
            ],
            "angle": 0,
            "content": null
        },
        {
            "type": "text",
            "bbox": [
                0.138,
                0.764,
                0.851,
                0.798
            ],
            "angle": 0,
            "content": "出于检索效率的考量，采用向量数据库。要平衡检索效率和整体搜索流程的复杂程度。"
        },
        {
            "type": "footer",
            "bbox": [
                0.868,
                0.819,
                0.97,
                0.856
            ],
            "angle": 0,
            "content": "DataFun."
        }
    ],
    [
        {
            "type": "header",
            "bbox": [
                0.823,
                0.146,
                0.864,
                0.203
            ],
            "angle": 0,
            "content": "#"
        },
        {
            "type": "header",
            "bbox": [
                0.87,
                0.152,
                0.962,
                0.183
            ],
            "angle": 0,
            "content": "东方证券"
        },
        {
            "type": "header",
            "bbox": [
                0.87,
                0.185,
                0.961,
                0.198
            ],
            "angle": 0,
            "content": "ORIENT SECURITIES"
        },
        {
            "type": "title",
            "bbox": [
                0.07,
                0.191,
                0.777,
                0.277
            ],
            "angle": 0,
            "content": "应用难点-检索增强在线服务"
        },
        {
            "type": "text",
            "bbox": [
                0.073,
                0.304,
                0.206,
                0.323
            ],
            "angle": 0,
            "content": "Hosted inference API ③"
        },
        {
            "type": "text",
            "bbox": [
                0.073,
                0.34,
                0.163,
                0.358
            ],
            "angle": 0,
            "content": "Sentence Similarity"
        },
        {
            "type": "text",
            "bbox": [
                0.39,
                0.342,
                0.429,
                0.358
            ],
            "angle": 0,
            "content": "Examples"
        },
        {
            "type": "image",
            "bbox": [
                0.447,
                0.342,
                0.455,
                0.356
            ],
            "angle": 0,
            "content": null
        },
        {
            "type": "text",
            "bbox": [
                0.072,
                0.375,
                0.14,
                0.39
            ],
            "angle": 0,
            "content": "Source Sentence"
        },
        {
            "type": "text",
            "bbox": [
                0.081,
                0.408,
                0.212,
                0.428
            ],
            "angle": 0,
            "content": "茅台在南京地区的销售情况"
        },
        {
            "type": "text",
            "bbox": [
                0.072,
                0.449,
                0.171,
                0.464
            ],
            "angle": 0,
            "content": "Sentences to compare to"
        },
        {
            "type": "text",
            "bbox": [
                0.08,
                0.481,
                0.318,
                0.501
            ],
            "angle": 0,
            "content": "茅台在江浙沪地区的销售状况良好，同比有所上涨"
        },
        {
            "type": "text",
            "bbox": [
                0.081,
                0.526,
                0.285,
                0.546
            ],
            "angle": 0,
            "content": "在南京茅台卖的很好，相比年初有较大提升"
        },
        {
            "type": "text",
            "bbox": [
                0.081,
                0.572,
                0.264,
                0.591
            ],
            "angle": 0,
            "content": "五粮液在南京地区的销售情况非常理想"
        },
        {
            "type": "text",
            "bbox": [
                0.237,
                0.619,
                0.301,
                0.635
            ],
            "angle": 0,
            "content": "Add Sentence"
        },
        {
            "type": "text",
            "bbox": [
                0.084,
                0.664,
                0.127,
                0.681
            ],
            "angle": 0,
            "content": "Compute"
        },
        {
            "type": "text",
            "bbox": [
                0.072,
                0.698,
                0.28,
                0.713
            ],
            "angle": 0,
            "content": "Computation time on Intel Xeon 3rd Gen Scabble cpu; cached"
        },
        {
            "type": "text",
            "bbox": [
                0.073,
                0.735,
                0.25,
                0.751
            ],
            "angle": 0,
            "content": "茅台在江浙沪地区的销售状况良好，同比有所上涨"
        },
        {
            "type": "text",
            "bbox": [
                0.44,
                0.728,
                0.466,
                0.74
            ],
            "angle": 0,
            "content": "0.639"
        },
        {
            "type": "text",
            "bbox": [
                0.073,
                0.772,
                0.226,
                0.787
            ],
            "angle": 0,
            "content": "在南京茅台卖的很好，相比年初有较大提升"
        },
        {
            "type": "text",
            "bbox": [
                0.44,
                0.765,
                0.466,
                0.776
            ],
            "angle": 0,
            "content": "0.680"
        },
        {
            "type": "text",
            "bbox": [
                0.073,
                0.807,
                0.21,
                0.823
            ],
            "angle": 0,
            "content": "五粮液在南京地区的销售情况非常理想"
        },
        {
            "type": "text",
            "bbox": [
                0.44,
                0.801,
                0.466,
                0.812
            ],
            "angle": 0,
            "content": "0.644"
        },
        {
            "type": "text",
            "bbox": [
                0.527,
                0.309,
                0.932,
                0.38
            ],
            "angle": 0,
            "content": "语义向量计算的结果存在相似度较高，当候选片段量变大时通过上述逻辑的检索效果会明显下降。"
        },
        {
            "type": "text",
            "bbox": [
                0.527,
                0.437,
                0.924,
                0.465
            ],
            "angle": 0,
            "content": "此外，候选片段的内容也对搜索结果会有极大的影响。"
        },
        {
            "type": "text",
            "bbox": [
                0.527,
                0.523,
                0.605,
                0.55
            ],
            "angle": 0,
            "content": "候选片段:"
        },
        {
            "type": "text",
            "bbox": [
                0.527,
                0.565,
                0.932,
                0.678
            ],
            "angle": 0,
            "content": "从今年年初，五粮液和茅台在南京地区销售情况良好，均有所上涨，随着疫情的改善认为两者的销售情况会进一步的增长。"
        },
        {
            "type": "text",
            "bbox": [
                0.527,
                0.735,
                0.752,
                0.763
            ],
            "angle": 0,
            "content": "问1：五粮液的销售情况如何？"
        },
        {
            "type": "text",
            "bbox": [
                0.527,
                0.778,
                0.741,
                0.805
            ],
            "angle": 0,
            "content": "问2：茅台的销售情况如何？"
        },
        {
            "type": "text",
            "bbox": [
                0.527,
                0.82,
                0.803,
                0.848
            ],
            "angle": 0,
            "content": "问3：五粮液和茅台的销售情况如何？"
        },
        {
            "type": "footer",
            "bbox": [
                0.869,
                0.82,
                0.9,
                0.854
            ],
            "angle": 0,
            "content": "#"
        },
        {
            "type": "footer",
            "bbox": [
                0.9,
                0.83,
                0.969,
                0.855
            ],
            "angle": 0,
            "content": "ataFun."
        }
    ],
    [
        {
            "type": "title",
            "bbox": [
                0.07,
                0.152,
                0.777,
                0.237
            ],
            "angle": 0,
            "content": "应用难点-检索增强离线服务"
        },
        {
            "type": "header",
            "bbox": [
                0.823,
                0.146,
                0.864,
                0.202
            ],
            "angle": 0,
            "content": "#"
        },
        {
            "type": "header",
            "bbox": [
                0.87,
                0.152,
                0.962,
                0.183
            ],
            "angle": 0,
            "content": "东方证券"
        },
        {
            "type": "header",
            "bbox": [
                0.87,
                0.185,
                0.961,
                0.198
            ],
            "angle": 0,
            "content": "ORIENT SECURITIES"
        },
        {
            "type": "image",
            "bbox": [
                0.129,
                0.282,
                0.154,
                0.316
            ],
            "angle": 0,
            "content": null
        },
        {
            "type": "text",
            "bbox": [
                0.159,
                0.288,
                0.186,
                0.299
            ],
            "angle": 0,
            "content": "蜗牛队长"
        },
        {
            "type": "text",
            "bbox": [
                0.157,
                0.304,
                0.261,
                0.315
            ],
            "angle": 0,
            "content": "发布于2020-04-0123:21来自雪球"
        },
        {
            "type": "text",
            "bbox": [
                0.127,
                0.337,
                0.432,
                0.41
            ],
            "angle": 0,
            "content": "pdf解析果然是个坑，pdfplumber基本上用不了。它的解析条件太苛刻了。除了线条完美包裹的表格，其他的都不行。自己写了一个，遇到太多问题了。1. 字体兼容问题，2. 一个页面多个表格问题。3，页面左右分割，然后文本和表格混排，左右页面居然都有表格。4. 竖排文字5. 文字折叠……这玩意儿没法写得好看了，感觉写了一坨屎。。。"
        },
        {
            "type": "text",
            "bbox": [
                0.066,
                0.459,
                0.394,
                0.486
            ],
            "angle": 0,
            "content": "以固定文本大小的解析，容易出现如下情况："
        },
        {
            "type": "text",
            "bbox": [
                0.066,
                0.545,
                0.144,
                0.57
            ],
            "angle": 0,
            "content": "Chunk 1:"
        },
        {
            "type": "text",
            "bbox": [
                0.066,
                0.586,
                0.486,
                0.657
            ],
            "angle": 0,
            "content": "……从今年年初，五粮液和茅台在南京地区销售情况良好，均有"
        },
        {
            "type": "text",
            "bbox": [
                0.066,
                0.715,
                0.141,
                0.74
            ],
            "angle": 0,
            "content": "Chunk 2:"
        },
        {
            "type": "text",
            "bbox": [
                0.066,
                0.756,
                0.486,
                0.826
            ],
            "angle": 0,
            "content": "所上涨，随着疫情的改善认为两者的销售情况会进一步的增长。……"
        },
        {
            "type": "text",
            "bbox": [
                0.403,
                0.289,
                0.429,
                0.304
            ],
            "angle": 0,
            "content": "+关注"
        },
        {
            "type": "image",
            "bbox": [
                0.541,
                0.294,
                0.886,
                0.509
            ],
            "angle": 0,
            "content": null
        },
        {
            "type": "image",
            "bbox": [
                0.541,
                0.516,
                0.875,
                0.811
            ],
            "angle": 0,
            "content": null
        },
        {
            "type": "footer",
            "bbox": [
                0.63,
                0.83,
                0.802,
                0.854
            ],
            "angle": 0,
            "content": "Paper with Complex Layouts"
        },
        {
            "type": "footer",
            "bbox": [
                0.869,
                0.82,
                0.97,
                0.855
            ],
            "angle": 0,
            "content": "DataFun."
        }
    ],
    [
        {
            "type": "title",
            "bbox": [
                0.068,
                0.154,
                0.666,
                0.242
            ],
            "angle": 0,
            "content": "应用难点-数据质量保障"
        },
        {
            "type": "header",
            "bbox": [
                0.823,
                0.146,
                0.964,
                0.202
            ],
            "angle": 0,
            "content": "东方证券ORIENT SECURITIES "
        },
        {
            "type": "text",
            "bbox": [
                0.131,
                0.262,
                0.842,
                0.384
            ],
            "angle": 0,
            "content": "为贯彻实施新修订的《中华人民共和国行政处罚法》，推进严格规范公正文明执法，优化法治化营商环境，并落实修改后的《中华人民共和国人口与计划生育法》等法律，国务院对涉及的行政法规进行了清理。经过清理，国务院决定："
        },
        {
            "type": "text",
            "bbox": [
                0.132,
                0.416,
                0.504,
                0.451
            ],
            "angle": 0,
            "content": "一、对14部行政法规的部分条款予以修改。"
        },
        {
            "type": "text",
            "bbox": [
                0.131,
                0.486,
                0.841,
                0.604
            ],
            "angle": 0,
            "content": "二、废止《产品质量监督试行办法》(1985年3月7日国务院批准 1985年3月15日国家标准局发布 根据2011年1月8日《国务院关于废止和修改部分行政法规的决定》修订)。"
        },
        {
            "type": "list",
            "bbox": [
                0.131,
                0.416,
                0.841,
                0.604
            ],
            "angle": 0,
            "content": null
        },
        {
            "type": "text",
            "bbox": [
                0.132,
                0.64,
                0.363,
                0.672
            ],
            "angle": 0,
            "content": "本决定自公布之日起施行。"
        },
        {
            "type": "text",
            "bbox": [
                0.081,
                0.705,
                0.9,
                0.803
            ],
            "angle": 0,
            "content": "一般而言，当法律法规被修改后，新的规定会取代旧的规定，成为有效的法律依据。在修改后的法律法规实施之前，原有的法律法规仍然是有效的，并且对于已经依据原法律法规进行的行为，其法律效力通常不会受到后续修改的影响。"
        },
        {
            "type": "footer",
            "bbox": [
                0.868,
                0.819,
                0.97,
                0.857
            ],
            "angle": 0,
            "content": ":DataFun."
        }
    ],
    [
        {
            "type": "header",
            "bbox": [
                0.823,
                0.146,
                0.864,
                0.202
            ],
            "angle": 0,
            "content": "#"
        },
        {
            "type": "header",
            "bbox": [
                0.869,
                0.151,
                0.962,
                0.183
            ],
            "angle": 0,
            "content": "东方证券"
        },
        {
            "type": "header",
            "bbox": [
                0.871,
                0.185,
                0.961,
                0.198
            ],
            "angle": 0,
            "content": "ORIENT SECURITIES"
        },
        {
            "type": "text",
            "bbox": [
                0.178,
                0.355,
                0.247,
                0.384
            ],
            "angle": 0,
            "content": "离线解析"
        },
        {
            "type": "text",
            "bbox": [
                0.179,
                0.418,
                0.247,
                0.446
            ],
            "angle": 0,
            "content": "语义提取"
        },
        {
            "type": "text",
            "bbox": [
                0.179,
                0.48,
                0.247,
                0.508
            ],
            "angle": 0,
            "content": "检索方式"
        },
        {
            "type": "text",
            "bbox": [
                0.179,
                0.542,
                0.247,
                0.569
            ],
            "angle": 0,
            "content": "金融标签"
        },
        {
            "type": "text",
            "bbox": [
                0.179,
                0.604,
                0.247,
                0.632
            ],
            "angle": 0,
            "content": "资源耗费"
        },
        {
            "type": "text",
            "bbox": [
                0.179,
                0.666,
                0.231,
                0.693
            ],
            "angle": 0,
            "content": "灵活性"
        },
        {
            "type": "image",
            "bbox": [
                0.404,
                0.291,
                0.43,
                0.329
            ],
            "angle": 0,
            "content": null
        },
        {
            "type": "title",
            "bbox": [
                0.437,
                0.294,
                0.504,
                0.321
            ],
            "angle": 0,
            "content": "自研问答"
        },
        {
            "type": "text",
            "bbox": [
                0.377,
                0.342,
                0.562,
                0.399
            ],
            "angle": 0,
            "content": "通过版面分析模型，按文章语义自然段落分割"
        },
        {
            "type": "text",
            "bbox": [
                0.378,
                0.418,
                0.562,
                0.446
            ],
            "angle": 0,
            "content": "更贴合实际的非对称语义"
        },
        {
            "type": "text",
            "bbox": [
                0.378,
                0.479,
                0.562,
                0.508
            ],
            "angle": 0,
            "content": "结合语义、关键词与时间"
        },
        {
            "type": "text",
            "bbox": [
                0.36,
                0.528,
                0.578,
                0.584
            ],
            "angle": 0,
            "content": "检索时，按金融实体、标的进行检索筛选，杜绝无关信息"
        },
        {
            "type": "text",
            "bbox": [
                0.427,
                0.59,
                0.512,
                0.645
            ],
            "angle": 0,
            "content": "轻量化实现资源消耗小"
        },
        {
            "type": "text",
            "bbox": [
                0.377,
                0.666,
                0.562,
                0.694
            ],
            "angle": 0,
            "content": "相关设置可通过配置更改"
        },
        {
            "type": "image",
            "bbox": [
                0.666,
                0.29,
                0.693,
                0.329
            ],
            "angle": 0,
            "content": null
        },
        {
            "type": "title",
            "bbox": [
                0.706,
                0.294,
                0.775,
                0.321
            ],
            "angle": 0,
            "content": "开源实现"
        },
        {
            "type": "text",
            "bbox": [
                0.671,
                0.342,
                0.789,
                0.398
            ],
            "angle": 0,
            "content": "提取文本，按字数进行切分"
        },
        {
            "type": "text",
            "bbox": [
                0.622,
                0.418,
                0.838,
                0.446
            ],
            "angle": 0,
            "content": "用户问题与文本片段处理相同"
        },
        {
            "type": "text",
            "bbox": [
                0.671,
                0.48,
                0.79,
                0.508
            ],
            "angle": 0,
            "content": "只通过语义搜索"
        },
        {
            "type": "text",
            "bbox": [
                0.663,
                0.542,
                0.798,
                0.57
            ],
            "angle": 0,
            "content": "未对金融场景优化"
        },
        {
            "type": "text",
            "bbox": [
                0.606,
                0.604,
                0.855,
                0.632
            ],
            "angle": 0,
            "content": "对资源的消耗大，需要较高的配置"
        },
        {
            "type": "text",
            "bbox": [
                0.679,
                0.666,
                0.782,
                0.694
            ],
            "angle": 0,
            "content": "配置难以修改"
        },
        {
            "type": "footer",
            "bbox": [
                0.869,
                0.819,
                0.97,
                0.857
            ],
            "angle": 0,
            "content": "DataFun."
        }
    ],
    [
        {
            "type": "header",
            "bbox": [
                0.823,
                0.146,
                0.864,
                0.202
            ],
            "angle": 0,
            "content": "#"
        },
        {
            "type": "header",
            "bbox": [
                0.87,
                0.151,
                0.962,
                0.183
            ],
            "angle": 0,
            "content": "东方证券"
        },
        {
            "type": "header",
            "bbox": [
                0.87,
                0.185,
                0.961,
                0.198
            ],
            "angle": 0,
            "content": "ORIENT SECURITIES"
        },
        {
            "type": "title",
            "bbox": [
                0.123,
                0.257,
                0.225,
                0.352
            ],
            "angle": 0,
            "content": "04"
        },
        {
            "type": "title",
            "bbox": [
                0.122,
                0.407,
                0.323,
                0.48
            ],
            "angle": 0,
            "content": "未来展望"
        },
        {
            "type": "footer",
            "bbox": [
                0.868,
                0.819,
                0.97,
                0.857
            ],
            "angle": 0,
            "content": ":DataFun."
        }
    ],
    [
        {
            "type": "title",
            "bbox": [
                0.07,
                0.159,
                0.361,
                0.246
            ],
            "angle": 0,
            "content": "GraphRAG"
        },
        {
            "type": "header",
            "bbox": [
                0.823,
                0.146,
                0.864,
                0.202
            ],
            "angle": 0,
            "content": "#"
        },
        {
            "type": "header",
            "bbox": [
                0.869,
                0.151,
                0.962,
                0.183
            ],
            "angle": 0,
            "content": "东方证券"
        },
        {
            "type": "header",
            "bbox": [
                0.87,
                0.185,
                0.962,
                0.199
            ],
            "angle": 0,
            "content": "ORIENT SECURITIES"
        },
        {
            "type": "title",
            "bbox": [
                0.112,
                0.302,
                0.441,
                0.341
            ],
            "angle": 0,
            "content": "GraphRAG vs Baseline RAG"
        },
        {
            "type": "text",
            "bbox": [
                0.111,
                0.359,
                0.888,
                0.611
            ],
            "angle": 0,
            "content": "Retrieval-Augmented Generation (RAG) is a technique to improve LLM outputs using real-world information. This technique is an important part of most LLM-based tools and the majority of RAG approaches use vector similarity as the search technique, which we call Baseline RAG. GraphRAG uses knowledge graphs to provide substantial improvements in question-and-answer performance when reasoning about complex information. RAG techniques have shown promise in helping LLMs to reason about private datasets - data that the LLM is not trained on and has never seen before, such as an enterprise's proprietary research, business documents, or communications. Baseline RAG was created to help solve this problem, but we observe situations where baseline RAG performs very poorly. For example:"
        },
        {
            "type": "text",
            "bbox": [
                0.124,
                0.628,
                0.851,
                0.686
            ],
            "angle": 0,
            "content": "- Baseline RAG struggles to connect the dots. This happens when answering a question requires traversing disparate pieces of information through their shared attributes in order to provide new synthesized insights."
        },
        {
            "type": "text",
            "bbox": [
                0.124,
                0.692,
                0.888,
                0.749
            ],
            "angle": 0,
            "content": "- Baseline RAG performs poorly when being asked to holistically understand summarized semantic concepts over large data collections or even singular large documents."
        },
        {
            "type": "list",
            "bbox": [
                0.124,
                0.628,
                0.888,
                0.749
            ],
            "angle": 0,
            "content": null
        },
        {
            "type": "footer",
            "bbox": [
                0.868,
                0.819,
                0.97,
                0.857
            ],
            "angle": 0,
            "content": ":DataFun."
        }
    ],
    [
        {
            "type": "title",
            "bbox": [
                0.07,
                0.159,
                0.361,
                0.246
            ],
            "angle": 0,
            "content": "GraphRAG"
        },
        {
            "type": "text",
            "bbox": [
                0.201,
                0.267,
                0.372,
                0.293
            ],
            "angle": 0,
            "content": "Query: \"What is Novorossiya?\""
        },
        {
            "type": "header",
            "bbox": [
                0.823,
                0.146,
                0.864,
                0.202
            ],
            "angle": 0,
            "content": "#"
        },
        {
            "type": "header",
            "bbox": [
                0.869,
                0.151,
                0.962,
                0.183
            ],
            "angle": 0,
            "content": "东方证券"
        },
        {
            "type": "header",
            "bbox": [
                0.87,
                0.185,
                0.961,
                0.199
            ],
            "angle": 0,
            "content": "ORIENT SECURITIES"
        },
        {
            "type": "table",
            "bbox": [
                0.201,
                0.33,
                0.797,
                0.766
            ],
            "angle": 0,
            "content": "<table><tr><td>Baseline RAG</td><td>GraphRAG</td></tr><tr><td>The term “Novorossiya” is not mentioned in the provided context. However, to provide some information, Novorossiya, or New Russia, is a historical term referring to a region in the south of Ukraine that was conquered by the Russian Empire in the 18th century. In recent years, the term has been revived by Russian-backed separatists in Eastern Ukraine to refer to the territories they claim, but it is not officially recognized as a separate entity by international bodies.</td><td>Novorossiya, also known as New Russia, is a term with historical and contemporary significance. Historically, it referred to a region in the southern part of the Russian Empire that is now part of Ukraine. In the contemporary context, it has been used by pro-Russian separatists to refer to certain areas of Ukraine [Data: Entities (6494, 912, 6493)]. \nThe term Novorossiya has been used in the context of a political movement in Ukraine, particularly by Russian nationalists. This movement has been associated with efforts to destabilize Ukraine and create a so-called “Novorossiya” [Data: Entities (912); Relationships (15211, 15206)]. The term has also been used to denote a separatist state in Ukraine, known as the Federal Republic of Novorossiya (FRN) [Data: Entities (7690)].</td></tr></table>"
        },
        {
            "type": "footer",
            "bbox": [
                0.868,
                0.819,
                0.971,
                0.859
            ],
            "angle": 0,
            "content": "DataFun."
        }
    ],
    [
        {
            "type": "title",
            "bbox": [
                0.07,
                0.154,
                0.63,
                0.236
            ],
            "angle": 0,
            "content": "MindSearch - 思·索"
        },
        {
            "type": "header",
            "bbox": [
                0.823,
                0.146,
                0.864,
                0.202
            ],
            "angle": 0,
            "content": "#"
        },
        {
            "type": "header",
            "bbox": [
                0.869,
                0.151,
                0.962,
                0.183
            ],
            "angle": 0,
            "content": "东方证券"
        },
        {
            "type": "header",
            "bbox": [
                0.87,
                0.185,
                0.961,
                0.198
            ],
            "angle": 0,
            "content": "ORIENT SECURITIES"
        },
        {
            "type": "image",
            "bbox": [
                0.179,
                0.27,
                0.825,
                0.819
            ],
            "angle": 0,
            "content": null
        },
        {
            "type": "footer",
            "bbox": [
                0.868,
                0.819,
                0.971,
                0.857
            ],
            "angle": 0,
            "content": ":DataFun."
        }
    ],
    [
        {
            "type": "title",
            "bbox": [
                0.07,
                0.16,
                0.246,
                0.232
            ],
            "angle": 0,
            "content": "Memo No. 10"
        },
        {
            "type": "header",
            "bbox": [
                0.823,
                0.146,
                0.864,
                0.202
            ],
            "angle": 0,
            "content": "#"
        },
        {
            "type": "header",
            "bbox": [
                0.869,
                0.151,
                0.962,
                0.183
            ],
            "angle": 0,
            "content": "东方证券"
        },
        {
            "type": "header",
            "bbox": [
                0.87,
                0.185,
                0.962,
                0.199
            ],
            "angle": 0,
            "content": "ORIENT SECURITIES"
        },
        {
            "type": "title",
            "bbox": [
                0.301,
                0.384,
                0.7,
                0.536
            ],
            "angle": 0,
            "content": "The Memory Layer for Personalized AI"
        },
        {
            "type": "image",
            "bbox": [
                0.834,
                0.522,
                0.882,
                0.588
            ],
            "angle": 0,
            "content": null
        },
        {
            "type": "text",
            "bbox": [
                0.081,
                0.742,
                0.384,
                0.776
            ],
            "angle": 0,
            "content": "Personalized Learning Assistants"
        },
        {
            "type": "text",
            "bbox": [
                0.438,
                0.742,
                0.619,
                0.776
            ],
            "angle": 0,
            "content": "Virtual Companions"
        },
        {
            "type": "text",
            "bbox": [
                0.668,
                0.742,
                0.93,
                0.776
            ],
            "angle": 0,
            "content": "Customer Support AI Agents"
        },
        {
            "type": "footer",
            "bbox": [
                0.868,
                0.819,
                0.97,
                0.857
            ],
            "angle": 0,
            "content": ":DataFun."
        }
    ],
    [
        {
            "type": "title",
            "bbox": [
                0.07,
                0.158,
                0.351,
                0.246
            ],
            "angle": 0,
            "content": "HippoRAG"
        },
        {
            "type": "header",
            "bbox": [
                0.823,
                0.146,
                0.864,
                0.202
            ],
            "angle": 0,
            "content": "#"
        },
        {
            "type": "header",
            "bbox": [
                0.869,
                0.151,
                0.962,
                0.183
            ],
            "angle": 0,
            "content": "东方证券"
        },
        {
            "type": "header",
            "bbox": [
                0.87,
                0.185,
                0.961,
                0.198
            ],
            "angle": 0,
            "content": "ORIENT SECURITIES"
        },
        {
            "type": "image",
            "bbox": [
                0.123,
                0.279,
                0.862,
                0.802
            ],
            "angle": 0,
            "content": null
        },
        {
            "type": "footer",
            "bbox": [
                0.868,
                0.819,
                0.97,
                0.857
            ],
            "angle": 0,
            "content": ":DataFun."
        }
    ],
    [
        {
            "type": "header",
            "bbox": [
                0.823,
                0.146,
                0.864,
                0.203
            ],
            "angle": 0,
            "content": "#"
        },
        {
            "type": "header",
            "bbox": [
                0.869,
                0.151,
                0.962,
                0.183
            ],
            "angle": 0,
            "content": "东方证券"
        },
        {
            "type": "header",
            "bbox": [
                0.87,
                0.185,
                0.961,
                0.198
            ],
            "angle": 0,
            "content": "ORIENT SECURITIES"
        },
        {
            "type": "title",
            "bbox": [
                0.198,
                0.377,
                0.797,
                0.55
            ],
            "angle": 0,
            "content": "THANKS"
        },
        {
            "type": "footer",
            "bbox": [
                0.037,
                0.81,
                0.376,
                0.856
            ],
            "angle": 0,
            "content": "DataFunSummit # 2024"
        },
        {
            "type": "footer",
            "bbox": [
                0.868,
                0.819,
                0.97,
                0.856
            ],
            "angle": 0,
            "content": "DataFun."
        }
    ],
    [
        {
            "type": "header",
            "bbox": [
                0.823,
                0.146,
                0.864,
                0.202
            ],
            "angle": 0,
            "content": "#"
        },
        {
            "type": "header",
            "bbox": [
                0.869,
                0.151,
                0.962,
                0.183
            ],
            "angle": 0,
            "content": "东方证券"
        },
        {
            "type": "header",
            "bbox": [
                0.87,
                0.185,
                0.961,
                0.198
            ],
            "angle": 0,
            "content": "ORIENT SECURITIES"
        },
        {
            "type": "footer",
            "bbox": [
                0.868,
                0.819,
                0.97,
                0.857
            ],
            "angle": 0,
            "content": ":DataFun."
        }
    ]
]